subject,sample,replicate,adriftRead.linkerBarcode.start,adriftRead.linkerBarcode.end,adriftRead.linker.seq,index1.seq,anchorRead.identification,anchorRead.seqFilter.file,refGenome.id,anchorRead.overRead.seq,adriftRead.linkerRandomID.start,adriftRead.linkerRandomID.end
pM50,GTSP2160,1,1,20,TACGCTATGTCGACCGTGACNNNNNNNNNNNNCTCCGCTTAAGGGACT,TCGTTGGATGGT,"u,AACCCCTAGTGATGGAGTTGGCCACTCCCTCTCTGCGCGCTCGCTCGCTCACTGAGGCCG;5p,AACCCCTAGTGATGGAGTTGGCCACTCCCTCTCTGCGCGCTCGCTCGCTCACTGAGGCCGGGCGACCAAAGGTCGCCCGACGCCCGGGCTTTGCCCGGGCGGCCTCAGTGAGCGAGCGAGCGCGCAGCTG;3p,AACCCCTAGTGATGGAGTTGGCCACTCCCTCTCTGCGCGCTCGCTCGCTCACTGAGGCCGCCCGGGCAAAGCCCGGGCGTCGGGCGACCTTTGGTCGCCCGGCCTCAGTGAGCGAGCGAGCGCGCAGCTG",/home/everett/projects/canine_hemophilia_AAV/data/sequenceData/plasmids.fasta,canFam3,AGTCCCTTAAGCGGAG,21,32
pM50,GTSP2161,1,1,20,GTAGGTCTAAAGCGGGCAAGNNNNNNNNNNNNCTCCGCTTAAGGGACT,TCGTTGGATGGT,"u,AACCCCTAGTGATGGAGTTGGCCACTCCCTCTCTGCGCGCTCGCTCGCTCACTGAGGCCG;5p,AACCCCTAGTGATGGAGTTGGCCACTCCCTCTCTGCGCGCTCGCTCGCTCACTGAGGCCGGGCGACCAAAGGTCGCCCGACGCCCGGGCTTTGCCCGGGCGGCCTCAGTGAGCGAGCGAGCGCGCAGCTG;3p,AACCCCTAGTGATGGAGTTGGCCACTCCCTCTCTGCGCGCTCGCTCGCTCACTGAGGCCGCCCGGGCAAAGCCCGGGCGTCGGGCGACCTTTGGTCGCCCGGCCTCAGTGAGCGAGCGAGCGCGCAGCTG",/home/everett/projects/canine_hemophilia_AAV/data/sequenceData/plasmids.fasta,canFam3,AGTCCCTTAAGCGGAG,21,32
pM50,GTSP2162,1,1,20,GACTAACGACCGAGATTGGCNNNNNNNNNNNNCTCCGCTTAAGGGACT,TCGTTGGATGGT,"u,AACCCCTAGTGATGGAGTTGGCCACTCCCTCTCTGCGCGCTCGCTCGCTCACTGAGGCCG;5p,AACCCCTAGTGATGGAGTTGGCCACTCCCTCTCTGCGCGCTCGCTCGCTCACTGAGGCCGGGCGACCAAAGGTCGCCCGACGCCCGGGCTTTGCCCGGGCGGCCTCAGTGAGCGAGCGAGCGCGCAGCTG;3p,AACCCCTAGTGATGGAGTTGGCCACTCCCTCTCTGCGCGCTCGCTCGCTCACTGAGGCCGCCCGGGCAAAGCCCGGGCGTCGGGCGACCTTTGGTCGCCCGGCCTCAGTGAGCGAGCGAGCGCGCAGCTG",/home/everett/projects/canine_hemophilia_AAV/data/sequenceData/plasmids.fasta,canFam3,AGTCCCTTAAGCGGAG,21,32
pM66,GTSP2163,1,1,20,CGGTCAGCATTCGTTGGTAGNNNNNNNNNNNNCTCCGCTTAAGGGACT,TCGTTGGATGGT,"u,AACCCCTAGTGATGGAGTTGGCCACTCCCTCTCTGCGCGCTCGCTCGCTCACTGAGGCCG;5p,AACCCCTAGTGATGGAGTTGGCCACTCCCTCTCTGCGCGCTCGCTCGCTCACTGAGGCCGGGCGACCAAAGGTCGCCCGACGCCCGGGCTTTGCCCGGGCGGCCTCAGTGAGCGAGCGAGCGCGCAGCTG;3p,AACCCCTAGTGATGGAGTTGGCCACTCCCTCTCTGCGCGCTCGCTCGCTCACTGAGGCCGCCCGGGCAAAGCCCGGGCGTCGGGCGACCTTTGGTCGCCCGGCCTCAGTGAGCGAGCGAGCGCGCAGCTG",/home/everett/projects/canine_hemophilia_AAV/data/sequenceData/plasmids.fasta,canFam3,AGTCCCTTAAGCGGAG,21,32
pM66,GTSP2164,1,1,20,GAAGAACTTCGCCTCTAGGCNNNNNNNNNNNNCTCCGCTTAAGGGACT,TCGTTGGATGGT,"u,AACCCCTAGTGATGGAGTTGGCCACTCCCTCTCTGCGCGCTCGCTCGCTCACTGAGGCCG;5p,AACCCCTAGTGATGGAGTTGGCCACTCCCTCTCTGCGCGCTCGCTCGCTCACTGAGGCCGGGCGACCAAAGGTCGCCCGACGCCCGGGCTTTGCCCGGGCGGCCTCAGTGAGCGAGCGAGCGCGCAGCTG;3p,AACCCCTAGTGATGGAGTTGGCCACTCCCTCTCTGCGCGCTCGCTCGCTCACTGAGGCCGCCCGGGCAAAGCCCGGGCGTCGGGCGACCTTTGGTCGCCCGGCCTCAGTGAGCGAGCGAGCGCGCAGCTG",/home/everett/projects/canine_hemophilia_AAV/data/sequenceData/plasmids.fasta,canFam3,AGTCCCTTAAGCGGAG,21,32
pM66,GTSP2165,1,1,20,GTACGCCATCGTGTTTCCTGNNNNNNNNNNNNCTCCGCTTAAGGGACT,TCGTTGGATGGT,"u,AACCCCTAGTGATGGAGTTGGCCACTCCCTCTCTGCGCGCTCGCTCGCTCACTGAGGCCG;5p,AACCCCTAGTGATGGAGTTGGCCACTCCCTCTCTGCGCGCTCGCTCGCTCACTGAGGCCGGGCGACCAAAGGTCGCCCGACGCCCGGGCTTTGCCCGGGCGGCCTCAGTGAGCGAGCGAGCGCGCAGCTG;3p,AACCCCTAGTGATGGAGTTGGCCACTCCCTCTCTGCGCGCTCGCTCGCTCACTGAGGCCGCCCGGGCAAAGCCCGGGCGTCGGGCGACCTTTGGTCGCCCGGCCTCAGTGAGCGAGCGAGCGCGCAGCTG",/home/everett/projects/canine_hemophilia_AAV/data/sequenceData/plasmids.fasta,canFam3,AGTCCCTTAAGCGGAG,21,32
pLinus,GTSP2166,1,1,20,CCTACTCGCAATCTGTGCACNNNNNNNNNNNNCTCCGCTTAAGGGACT,TCGTTGGATGGT,"u,AACCCCTAGTGATGGAGTTGGCCACTCCCTCTCTGCGCGCTCGCTCGCTCACTGAGGCCG;5p,AACCCCTAGTGATGGAGTTGGCCACTCCCTCTCTGCGCGCTCGCTCGCTCACTGAGGCCGGGCGACCAAAGGTCGCCCGACGCCCGGGCTTTGCCCGGGCGGCCTCAGTGAGCGAGCGAGCGCGCAGCTG;3p,AACCCCTAGTGATGGAGTTGGCCACTCCCTCTCTGCGCGCTCGCTCGCTCACTGAGGCCGCCCGGGCAAAGCCCGGGCGTCGGGCGACCTTTGGTCGCCCGGCCTCAGTGAGCGAGCGAGCGCGCAGCTG",/home/everett/projects/canine_hemophilia_AAV/data/sequenceData/plasmids.fasta,canFam3,AGTCCCTTAAGCGGAG,21,32
pLinus,GTSP2167,1,1,20,CTCATAGACCGGAACCGGAANNNNNNNNNNNNCTCCGCTTAAGGGACT,TCGTTGGATGGT,"u,AACCCCTAGTGATGGAGTTGGCCACTCCCTCTCTGCGCGCTCGCTCGCTCACTGAGGCCG;5p,AACCCCTAGTGATGGAGTTGGCCACTCCCTCTCTGCGCGCTCGCTCGCTCACTGAGGCCGGGCGACCAAAGGTCGCCCGACGCCCGGGCTTTGCCCGGGCGGCCTCAGTGAGCGAGCGAGCGCGCAGCTG;3p,AACCCCTAGTGATGGAGTTGGCCACTCCCTCTCTGCGCGCTCGCTCGCTCACTGAGGCCGCCCGGGCAAAGCCCGGGCGTCGGGCGACCTTTGGTCGCCCGGCCTCAGTGAGCGAGCGAGCGCGCAGCTG",/home/everett/projects/canine_hemophilia_AAV/data/sequenceData/plasmids.fasta,canFam3,AGTCCCTTAAGCGGAG,21,32
pLinus,GTSP2168,1,1,20,TACGGATGGTCTGAGGGCTTNNNNNNNNNNNNCTCCGCTTAAGGGACT,TCGTTGGATGGT,"u,AACCCCTAGTGATGGAGTTGGCCACTCCCTCTCTGCGCGCTCGCTCGCTCACTGAGGCCG;5p,AACCCCTAGTGATGGAGTTGGCCACTCCCTCTCTGCGCGCTCGCTCGCTCACTGAGGCCGGGCGACCAAAGGTCGCCCGACGCCCGGGCTTTGCCCGGGCGGCCTCAGTGAGCGAGCGAGCGCGCAGCTG;3p,AACCCCTAGTGATGGAGTTGGCCACTCCCTCTCTGCGCGCTCGCTCGCTCACTGAGGCCGCCCGGGCAAAGCCCGGGCGTCGGGCGACCTTTGGTCGCCCGGCCTCAGTGAGCGAGCGAGCGCGCAGCTG",/home/everett/projects/canine_hemophilia_AAV/data/sequenceData/plasmids.fasta,canFam3,AGTCCCTTAAGCGGAG,21,32
NTC,NTC1,1,1,20,CGGTCAAGAATTGCCGAACCNNNNNNNNNNNNCTCCGCTTAAGGGACT,TCGTTGGATGGT,"u,AACCCCTAGTGATGGAGTTGGCCACTCCCTCTCTGCGCGCTCGCTCGCTCACTGAGGCCG;5p,AACCCCTAGTGATGGAGTTGGCCACTCCCTCTCTGCGCGCTCGCTCGCTCACTGAGGCCGGGCGACCAAAGGTCGCCCGACGCCCGGGCTTTGCCCGGGCGGCCTCAGTGAGCGAGCGAGCGCGCAGCTG;3p,AACCCCTAGTGATGGAGTTGGCCACTCCCTCTCTGCGCGCTCGCTCGCTCACTGAGGCCGCCCGGGCAAAGCCCGGGCGTCGGGCGACCTTTGGTCGCCCGGCCTCAGTGAGCGAGCGAGCGCGCAGCTG",/home/everett/projects/canine_hemophilia_AAV/data/sequenceData/plasmids.fasta,canFam3,AGTCCCTTAAGCGGAG,21,32
pH19,GTSP2169,1,1,20,CGTTCTCCGACAATGGTTGGNNNNNNNNNNNNCTCCGCTTAAGGGACT,TCGTTGGATGGT,"u,AACCCCTAGTGATGGAGTTGGCCACTCCCTCTCTGCGCGCTCGCTCGCTCACTGAGGCCG;5p,AACCCCTAGTGATGGAGTTGGCCACTCCCTCTCTGCGCGCTCGCTCGCTCACTGAGGCCGGGCGACCAAAGGTCGCCCGACGCCCGGGCTTTGCCCGGGCGGCCTCAGTGAGCGAGCGAGCGCGCAGCTG;3p,AACCCCTAGTGATGGAGTTGGCCACTCCCTCTCTGCGCGCTCGCTCGCTCACTGAGGCCGCCCGGGCAAAGCCCGGGCGTCGGGCGACCTTTGGTCGCCCGGCCTCAGTGAGCGAGCGAGCGCGCAGCTG",/home/everett/projects/canine_hemophilia_AAV/data/sequenceData/plasmids.fasta,canFam3,AGTCCCTTAAGCGGAG,21,32
pH19,GTSP2170,1,1,20,ACTCGGTAACTCACCGGATGNNNNNNNNNNNNCTCCGCTTAAGGGACT,TCGTTGGATGGT,"u,AACCCCTAGTGATGGAGTTGGCCACTCCCTCTCTGCGCGCTCGCTCGCTCACTGAGGCCG;5p,AACCCCTAGTGATGGAGTTGGCCACTCCCTCTCTGCGCGCTCGCTCGCTCACTGAGGCCGGGCGACCAAAGGTCGCCCGACGCCCGGGCTTTGCCCGGGCGGCCTCAGTGAGCGAGCGAGCGCGCAGCTG;3p,AACCCCTAGTGATGGAGTTGGCCACTCCCTCTCTGCGCGCTCGCTCGCTCACTGAGGCCGCCCGGGCAAAGCCCGGGCGTCGGGCGACCTTTGGTCGCCCGGCCTCAGTGAGCGAGCGAGCGCGCAGCTG",/home/everett/projects/canine_hemophilia_AAV/data/sequenceData/plasmids.fasta,canFam3,AGTCCCTTAAGCGGAG,21,32
pH19,GTSP2171,1,1,20,TGTCGTGAATCCGTGTGTCCNNNNNNNNNNNNCTCCGCTTAAGGGACT,TCGTTGGATGGT,"u,AACCCCTAGTGATGGAGTTGGCCACTCCCTCTCTGCGCGCTCGCTCGCTCACTGAGGCCG;5p,AACCCCTAGTGATGGAGTTGGCCACTCCCTCTCTGCGCGCTCGCTCGCTCACTGAGGCCGGGCGACCAAAGGTCGCCCGACGCCCGGGCTTTGCCCGGGCGGCCTCAGTGAGCGAGCGAGCGCGCAGCTG;3p,AACCCCTAGTGATGGAGTTGGCCACTCCCTCTCTGCGCGCTCGCTCGCTCACTGAGGCCGCCCGGGCAAAGCCCGGGCGTCGGGCGACCTTTGGTCGCCCGGCCTCAGTGAGCGAGCGAGCGCGCAGCTG",/home/everett/projects/canine_hemophilia_AAV/data/sequenceData/plasmids.fasta,canFam3,AGTCCCTTAAGCGGAG,21,32
pJ60,GTSP2172,1,1,20,AGTCCGCATTGAGCAATGGCNNNNNNNNNNNNCTCCGCTTAAGGGACT,TCGTTGGATGGT,"u,AACCCCTAGTGATGGAGTTGGCCACTCCCTCTCTGCGCGCTCGCTCGCTCACTGAGGCCG;5p,AACCCCTAGTGATGGAGTTGGCCACTCCCTCTCTGCGCGCTCGCTCGCTCACTGAGGCCGGGCGACCAAAGGTCGCCCGACGCCCGGGCTTTGCCCGGGCGGCCTCAGTGAGCGAGCGAGCGCGCAGCTG;3p,AACCCCTAGTGATGGAGTTGGCCACTCCCTCTCTGCGCGCTCGCTCGCTCACTGAGGCCGCCCGGGCAAAGCCCGGGCGTCGGGCGACCTTTGGTCGCCCGGCCTCAGTGAGCGAGCGAGCGCGCAGCTG",/home/everett/projects/canine_hemophilia_AAV/data/sequenceData/plasmids.fasta,canFam3,AGTCCCTTAAGCGGAG,21,32
pJ60,GTSP2173,1,1,20,GTTGCCGAACATGACGGGATNNNNNNNNNNNNCTCCGCTTAAGGGACT,TCGTTGGATGGT,"u,AACCCCTAGTGATGGAGTTGGCCACTCCCTCTCTGCGCGCTCGCTCGCTCACTGAGGCCG;5p,AACCCCTAGTGATGGAGTTGGCCACTCCCTCTCTGCGCGCTCGCTCGCTCACTGAGGCCGGGCGACCAAAGGTCGCCCGACGCCCGGGCTTTGCCCGGGCGGCCTCAGTGAGCGAGCGAGCGCGCAGCTG;3p,AACCCCTAGTGATGGAGTTGGCCACTCCCTCTCTGCGCGCTCGCTCGCTCACTGAGGCCGCCCGGGCAAAGCCCGGGCGTCGGGCGACCTTTGGTCGCCCGGCCTCAGTGAGCGAGCGAGCGCGCAGCTG",/home/everett/projects/canine_hemophilia_AAV/data/sequenceData/plasmids.fasta,canFam3,AGTCCCTTAAGCGGAG,21,32
pJ60,GTSP2174,1,1,20,ACTGGCGTACGTCTAGGCAANNNNNNNNNNNNCTCCGCTTAAGGGACT,TCGTTGGATGGT,"u,AACCCCTAGTGATGGAGTTGGCCACTCCCTCTCTGCGCGCTCGCTCGCTCACTGAGGCCG;5p,AACCCCTAGTGATGGAGTTGGCCACTCCCTCTCTGCGCGCTCGCTCGCTCACTGAGGCCGGGCGACCAAAGGTCGCCCGACGCCCGGGCTTTGCCCGGGCGGCCTCAGTGAGCGAGCGAGCGCGCAGCTG;3p,AACCCCTAGTGATGGAGTTGGCCACTCCCTCTCTGCGCGCTCGCTCGCTCACTGAGGCCGCCCGGGCAAAGCCCGGGCGTCGGGCGACCTTTGGTCGCCCGGCCTCAGTGAGCGAGCGAGCGCGCAGCTG",/home/everett/projects/canine_hemophilia_AAV/data/sequenceData/plasmids.fasta,canFam3,AGTCCCTTAAGCGGAG,21,32
pM06,GTSP2175,1,1,20,TGTGAACGCGAGAACCTCTGNNNNNNNNNNNNCTCCGCTTAAGGGACT,TCGTTGGATGGT,"u,AACCCCTAGTGATGGAGTTGGCCACTCCCTCTCTGCGCGCTCGCTCGCTCACTGAGGCCG;5p,AACCCCTAGTGATGGAGTTGGCCACTCCCTCTCTGCGCGCTCGCTCGCTCACTGAGGCCGGGCGACCAAAGGTCGCCCGACGCCCGGGCTTTGCCCGGGCGGCCTCAGTGAGCGAGCGAGCGCGCAGCTG;3p,AACCCCTAGTGATGGAGTTGGCCACTCCCTCTCTGCGCGCTCGCTCGCTCACTGAGGCCGCCCGGGCAAAGCCCGGGCGTCGGGCGACCTTTGGTCGCCCGGCCTCAGTGAGCGAGCGAGCGCGCAGCTG",/home/everett/projects/canine_hemophilia_AAV/data/sequenceData/plasmids.fasta,canFam3,AGTCCCTTAAGCGGAG,21,32
pM06,GTSP2176,1,1,20,TCCTCGGACAGACTACCTAGNNNNNNNNNNNNCTCCGCTTAAGGGACT,TCGTTGGATGGT,"u,AACCCCTAGTGATGGAGTTGGCCACTCCCTCTCTGCGCGCTCGCTCGCTCACTGAGGCCG;5p,AACCCCTAGTGATGGAGTTGGCCACTCCCTCTCTGCGCGCTCGCTCGCTCACTGAGGCCGGGCGACCAAAGGTCGCCCGACGCCCGGGCTTTGCCCGGGCGGCCTCAGTGAGCGAGCGAGCGCGCAGCTG;3p,AACCCCTAGTGATGGAGTTGGCCACTCCCTCTCTGCGCGCTCGCTCGCTCACTGAGGCCGCCCGGGCAAAGCCCGGGCGTCGGGCGACCTTTGGTCGCCCGGCCTCAGTGAGCGAGCGAGCGCGCAGCTG",/home/everett/projects/canine_hemophilia_AAV/data/sequenceData/plasmids.fasta,canFam3,AGTCCCTTAAGCGGAG,21,32
pM06,GTSP2177,1,1,20,TACGGCGAACGACAAGGCATNNNNNNNNNNNNCTCCGCTTAAGGGACT,TCGTTGGATGGT,"u,AACCCCTAGTGATGGAGTTGGCCACTCCCTCTCTGCGCGCTCGCTCGCTCACTGAGGCCG;5p,AACCCCTAGTGATGGAGTTGGCCACTCCCTCTCTGCGCGCTCGCTCGCTCACTGAGGCCGGGCGACCAAAGGTCGCCCGACGCCCGGGCTTTGCCCGGGCGGCCTCAGTGAGCGAGCGAGCGCGCAGCTG;3p,AACCCCTAGTGATGGAGTTGGCCACTCCCTCTCTGCGCGCTCGCTCGCTCACTGAGGCCGCCCGGGCAAAGCCCGGGCGTCGGGCGACCTTTGGTCGCCCGGCCTCAGTGAGCGAGCGAGCGCGCAGCTG",/home/everett/projects/canine_hemophilia_AAV/data/sequenceData/plasmids.fasta,canFam3,AGTCCCTTAAGCGGAG,21,32
pHO2,GTSP2178,1,1,20,GCGCGAATGGAAATCGGTAGNNNNNNNNNNNNCTCCGCTTAAGGGACT,TCGTTGGATGGT,"u,AACCCCTAGTGATGGAGTTGGCCACTCCCTCTCTGCGCGCTCGCTCGCTCACTGAGGCCG;5p,AACCCCTAGTGATGGAGTTGGCCACTCCCTCTCTGCGCGCTCGCTCGCTCACTGAGGCCGGGCGACCAAAGGTCGCCCGACGCCCGGGCTTTGCCCGGGCGGCCTCAGTGAGCGAGCGAGCGCGCAGCTG;3p,AACCCCTAGTGATGGAGTTGGCCACTCCCTCTCTGCGCGCTCGCTCGCTCACTGAGGCCGCCCGGGCAAAGCCCGGGCGTCGGGCGACCTTTGGTCGCCCGGCCTCAGTGAGCGAGCGAGCGCGCAGCTG",/home/everett/projects/canine_hemophilia_AAV/data/sequenceData/plasmids.fasta,canFam3,AGTCCCTTAAGCGGAG,21,32
pM12,GTSP2179,1,1,20,GAGAACGGTTGACGTGTTCGNNNNNNNNNNNNCTCCGCTTAAGGGACT,TCGTTGGATGGT,"u,AACCCCTAGTGATGGAGTTGGCCACTCCCTCTCTGCGCGCTCGCTCGCTCACTGAGGCCG;5p,AACCCCTAGTGATGGAGTTGGCCACTCCCTCTCTGCGCGCTCGCTCGCTCACTGAGGCCGGGCGACCAAAGGTCGCCCGACGCCCGGGCTTTGCCCGGGCGGCCTCAGTGAGCGAGCGAGCGCGCAGCTG;3p,AACCCCTAGTGATGGAGTTGGCCACTCCCTCTCTGCGCGCTCGCTCGCTCACTGAGGCCGCCCGGGCAAAGCCCGGGCGTCGGGCGACCTTTGGTCGCCCGGCCTCAGTGAGCGAGCGAGCGCGCAGCTG",/home/everett/projects/canine_hemophilia_AAV/data/sequenceData/plasmids.fasta,canFam3,AGTCCCTTAAGCGGAG,21,32
NTC,NTC2,1,1,20,CCATAGCACGGGTTTACGTCNNNNNNNNNNNNCTCCGCTTAAGGGACT,TCGTTGGATGGT,"u,AACCCCTAGTGATGGAGTTGGCCACTCCCTCTCTGCGCGCTCGCTCGCTCACTGAGGCCG;5p,AACCCCTAGTGATGGAGTTGGCCACTCCCTCTCTGCGCGCTCGCTCGCTCACTGAGGCCGGGCGACCAAAGGTCGCCCGACGCCCGGGCTTTGCCCGGGCGGCCTCAGTGAGCGAGCGAGCGCGCAGCTG;3p,AACCCCTAGTGATGGAGTTGGCCACTCCCTCTCTGCGCGCTCGCTCGCTCACTGAGGCCGCCCGGGCAAAGCCCGGGCGTCGGGCGACCTTTGGTCGCCCGGCCTCAGTGAGCGAGCGAGCGCGCAGCTG",/home/everett/projects/canine_hemophilia_AAV/data/sequenceData/plasmids.fasta,canFam3,AGTCCCTTAAGCGGAG,21,32
